package inventory;

import java.sql.*;
import java.io.File;

public class Database {
    private Connection connection;
    private final static String initializationStatement = """
            CREATE TABLE IF NOT EXISTS Users (
                username TEXT PRIMARY KEY,
                password TEXT,
                nickname TEXT,
                email TEXT,
                securityQuestion TEXT,
                securityAnswer TEXT
            );

            CREATE TABLE IF NOT EXISTS Players (
                username TEXT PRIMARY KEY,
                level INTEGER,
                xp INTEGER,
                hp INTEGER,
                coins INTEGER,
                character TEXT
            );

            CREATE TABLE IF NOT EXISTS Cards (
                id INTEGER PRIMARY KEY AUTOINCREMENT,
                name TEXT,
                type TEXT,
                accuracy INTEGER,
                damagePerSector INTEGER,
                duration INTEGER,
                level INTEGER,
                upgradeCost INTEGER,
                cost INTEGER
            );

            CREATE TABLE IF NOT EXISTS PlayerCards (
                id INTEGER PRIMARY KEY AUTOINCREMENT,
                username TEXT,
                card_id INTEGER,
                level INTEGER
            );
            """;
    private static final String dummyDatabaseFiller = """
                        -- Insert dummy data into the Users table
                        INSERT INTO Users (username, password, nickname, email, securityQuestion, securityAnswer) VALUES
                        ('user1', 'pass1', 'nickname1', 'user1@example.com', 'What is your father''s name?', 'Blue'),
                        ('user2', 'pass2', 'nickname2', 'user2@example.com', 'What is your father''s name?', 'Fluffy'),
                        ('user3', 'pass3', 'nickname3', 'user3@example.com', 'What is your father''s name?', 'Smith'),
                        ('user4', 'pass4', 'nickname4', 'user4@example.com', 'What is your favourite color?', 'Greenwood'),
                        ('user5', 'pass5', 'nickname5', 'user5@example.com', 'What is your favourite color?', 'Toyota');

                        -- Insert dummy data into the Players table
                        INSERT INTO Players (username, level, xp, hp, coins, character) VALUES
                        ('user1', 10, 1500, 100, 200, 'high'),
                        ('user2', 5, 700, 80, 50, 'chad'),
                        ('user3', 20, 3000, 150, 500, 'low'),
                        ('user4', 15, 2500, 120, 300, 'grow'),
                        ('user5', 8, 1100, 90, 150, 'flow');

                        -- Insert dummy data into the Cards table
                        INSERT INTO Cards (name, type, accuracy, damagePerSector, duration, level, upgradeCost, cost) VALUES
                        ('shield', 'spell', -1, -1, 3, 0, -1, 100),
                        ('heal', 'spell', -1, -1, 3, 0, -1, 100),
                        ('powerUp', 'spell', 0, -1, 0, 0, -1, 100),
                        ('holeReplace', 'spell', 0, -1, 0, 0, -1, 100),
                        ('holeAmend', 'spell', 0, -1, 0, 0, -1, 100),
                        ('reduceRound', 'spell', 0, -1, 0, 0, -1, 100),
                        ('steal', 'spell', 0, -1, 0, 0, -1, 100),
                        ('rivalCardDowngrade', 'spell', 0, -1, 0, 0, -1, 100),
                        ('copyCard', 'spell', 0, -1, 0, 0, -1, 100),
                        ('hideRivalCards', 'spell', 0, -1, 0, 0, -1, 100),
                        ('cardType1', 'ordinary', 20, 10, 4, 0, 50, 100),
                        ('cardType2', 'ordinary', 21, 10, 4, 0, 50, 100),
                        ('cardType3', 'ordinary', 22, 10, 4, 0, 50, 100),
                        ('cardType4', 'ordinary', 23, 10, 3, 0, 50, 100),
                        ('cardType5', 'ordinary', 24, 10, 3, 0, 50, 100),
                        ('cardType6', 'ordinary', 25, 10, 3, 0, 50, 100),
                        ('cardType7', 'ordinary', 26, 10, 3, 0, 50, 100),
                        ('cardType8', 'ordinary', 27, 10, 2, 0, 50, 100),
                        ('cardType9', 'ordinary', 28, 10, 2, 0, 50, 100),
                        ('cardType10', 'ordinary', 29, 10, 2, 0, 50, 100),
                        ('cardType11', 'ordinary', 30, 10, 4, 0, 50, 100),
                        ('cardType12', 'ordinary', 31, 10, 4, 0, 50, 100),
                        ('cardType13', 'ordinary', 32, 10, 4, 0, 50, 100),
                        ('cardType14', 'ordinary', 33, 10, 3, 0, 50, 100),
                        ('cardType15', 'ordinary', 34, 10, 3, 0, 50, 100),
                        ('cardType16', 'ordinary', 35, 10, 3, 0, 50, 100),
                        ('cardType17', 'ordinary', 36, 10, 3, 0, 50, 100),
                        ('cardType18', 'ordinary', 37, 10, 2, 0, 50, 100),
                        ('cardType19', 'ordinary', 38, 10, 2, 0, 50, 100),
                        ('cardType20', 'ordinary', 39, 10, 2, 0, 50, 100);

                        -- Insert dummy data into the PlayerCards table
            INSERT INTO PlayerCards (username, card_id, level) VALUES
            ('user1', (SELECT id FROM Cards WHERE name = 'shield'), 1),
            ('user1', (SELECT id FROM Cards WHERE name = 'cardType2'), 2),
            ('user1', (SELECT id FROM Cards WHERE name = 'heal'), 1),
            ('user1', (SELECT id FROM Cards WHERE name = 'cardType5'), 3),
            ('user1', (SELECT id FROM Cards WHERE name = 'powerUp'), 1),
            ('user1', (SELECT id FROM Cards WHERE name = 'holeReplace'), 2),
            ('user1', (SELECT id FROM Cards WHERE name = 'cardType7'), 1),
            ('user1', (SELECT id FROM Cards WHERE name = 'steal'), 2),
            ('user1', (SELECT id FROM Cards WHERE name = 'cardType9'), 1),
            ('user1', (SELECT id FROM Cards WHERE name = 'hideRivalCards'), 1),
            ('user2', (SELECT id FROM Cards WHERE name = 'cardType1'), 1),
            ('user2', (SELECT id FROM Cards WHERE name = 'rivalCardDowngrade'), 2),
            ('user2', (SELECT id FROM Cards WHERE name = 'cardType3'), 1),
            ('user2', (SELECT id FROM Cards WHERE name = 'cardType4'), 1),
            ('user2', (SELECT id FROM Cards WHERE name = 'cardType6'), 2),
            ('user2', (SELECT id FROM Cards WHERE name = 'steal'), 1),
            ('user2', (SELECT id FROM Cards WHERE name = 'cardType8'), 1),
            ('user2', (SELECT id FROM Cards WHERE name = 'holeAmmend'), 2),
            ('user2', (SELECT id FROM Cards WHERE name = 'reduceRound'), 1),
            ('user2', (SELECT id FROM Cards WHERE name = 'copyCard'), 2),
            ('user3', (SELECT id FROM Cards WHERE name = 'heal'), 3),
            ('user3', (SELECT id FROM Cards WHERE name = 'cardType2'), 2),
            ('user3', (SELECT id FROM Cards WHERE name = 'powerUp'), 3),
            ('user3', (SELECT id FROM Cards WHERE name = 'holeReplace'), 2),
            ('user3', (SELECT id FROM Cards WHERE name = 'cardType5'), 3),
            ('user3', (SELECT id FROM Cards WHERE name = 'reduceRound'), 2),
            ('user3', (SELECT id FROM Cards WHERE name = 'cardType7'), 3),
            ('user3', (SELECT id FROM Cards WHERE name = 'steal'), 3),
            ('user3', (SELECT id FROM Cards WHERE name = 'cardType9'), 2),
            ('user3', (SELECT id FROM Cards WHERE name = 'hideRivalCards'), 3),
            ('user4', (SELECT id FROM Cards WHERE name = 'shield'), 2),
            ('user4', (SELECT id FROM Cards WHERE name = 'heal'), 2),
            ('user4', (SELECT id FROM Cards WHERE name = 'powerUp'), 2),
            ('user4', (SELECT id FROM Cards WHERE name = 'holeReplace'), 2),
            ('user4', (SELECT id FROM Cards WHERE name = 'holeAmmend'), 2),
            ('user4', (SELECT id FROM Cards WHERE name = 'reduceRound'), 2),
            ('user4', (SELECT id FROM Cards WHERE name = 'steal'), 2),
            ('user4', (SELECT id FROM Cards WHERE name = 'rivalCardDowngrade'), 2),
            ('user4', (SELECT id FROM Cards WHERE name = 'copyCard'), 2),
            ('user4', (SELECT id FROM Cards WHERE name = 'hideRivalCards'), 2),
            ('user4', (SELECT id FROM Cards WHERE name = 'cardType1'), 2),
            ('user4', (SELECT id FROM Cards WHERE name = 'cardType2'), 2),
            ('user4', (SELECT id FROM Cards WHERE name = 'cardType3'), 2),
            ('user4', (SELECT id FROM Cards WHERE name = 'cardType4'), 2),
            ('user4', (SELECT id FROM Cards WHERE name = 'cardType5'), 2),
            ('user4', (SELECT id FROM Cards WHERE name = 'cardType6'), 2),
            ('user4', (SELECT id FROM Cards WHERE name = 'cardType7'), 2),
            ('user4', (SELECT id FROM Cards WHERE name = 'cardType8'), 2),
            ('user4', (SELECT id FROM Cards WHERE name = 'cardType9'), 2),
            ('user4', (SELECT id FROM Cards WHERE name = 'cardType10'), 2),
            ('user5', (SELECT id FROM Cards WHERE name = 'shield'), 3),
            ('user5', (SELECT id FROM Cards WHERE name = 'heal'), 3),
            ('user5', (SELECT id FROM Cards WHERE name = 'powerUp'), 3),
            ('user5', (SELECT id FROM Cards WHERE name = 'holeReplace'), 3),
            ('user5', (SELECT id FROM Cards WHERE name = 'holeAmmend'), 3),
            ('user5', (SELECT id FROM Cards WHERE name = 'reduceRound'), 3),
            ('user5', (SELECT id FROM Cards WHERE name = 'steal'), 3),
            ('user5', (SELECT id FROM Cards WHERE name = 'rivalCardDowngrade'), 3),
            ('user5', (SELECT id FROM Cards WHERE name = 'copyCard'), 3),
            ('user5', (SELECT id FROM Cards WHERE name = 'hideRivalCards'), 3),
            ('user5', (SELECT id FROM Cards WHERE name = 'cardType1'), 3),
            ('user5', (SELECT id FROM Cards WHERE name = 'cardType2'), 3),
            ('user5', (SELECT id FROM Cards WHERE name = 'cardType3'), 3),
            ('user5', (SELECT id FROM Cards WHERE name = 'cardType4'), 3),
            ('user5', (SELECT id FROM Cards WHERE name = 'cardType5'), 3),
            ('user5', (SELECT id FROM Cards WHERE name = 'cardType6'), 3),
            ('user5', (SELECT id FROM Cards WHERE name = 'cardType7'), 3),
            ('user5', (SELECT id FROM Cards WHERE name = 'cardType8'), 3),
            ('user5', (SELECT id FROM Cards WHERE name = 'cardType9'), 3),
            ('user5', (SELECT id FROM Cards WHERE name = 'cardType10'), 3);
                        """;
    private final static String databasePath = "./database.db";

    public Database() {
        try {
            File dbFile = new File(databasePath);
            if (!dbFile.exists()) {
                System.out.println("Creating new database file...");
                connection = DriverManager.getConnection("jdbc:sqlite:" + databasePath);
                Statement statement = connection.createStatement();
                System.out.println("Executing initialization statement...");
                statement.executeUpdate(initializationStatement);
                System.out.println("Executing initial data filler...");
                statement.executeUpdate(dummyDatabaseFiller);
                statement.close();
                System.out.println("Database initialized successfully.");
            } else {
                System.out.println("Connecting to existing database...");
                connection = DriverManager.getConnection("jdbc:sqlite:" + databasePath);
                System.out.println("Connected successfully.");
            }
        } catch (Exception e) {
            System.out.println("Error initializing database:");
            e.printStackTrace();
        }
    }

    public Statement getStatement() {
        try {
            return connection.createStatement();
        } catch (SQLException e) {
            e.printStackTrace();
            return null;
        }
    }

    public Connection getConnection() {
        Connection newConnection;
        try {
            newConnection = DriverManager.getConnection("jdbc:sqlite:" + databasePath);
            return newConnection;
        } catch (Exception e) {
            e.printStackTrace();
        }
        return null;
    }
}